id,name,ticker,primaryCategory,discipline,leagueOrMedium,teamOrPlatform,role,country,careerStatus,marketSegment,careerStage,lastVerifiedAt,verificationStatus,sourceName,sourceUrl,sourceRecordId,dataConfidence,marketPrice,careerScore
cur-victor-wembanyama,Victor Wembanyama,VIMA,Athlete,Basketball,NBA,San Antonio Spurs,Center,France,Active,Current,Established,,Prototype current seed — connect a live source before launch,TalentX current-first seed,,,0.7,141.51,81.0
cur-nikola-joki,Nikola Jokić,NIIC,Athlete,Basketball,NBA,Denver Nuggets,Center,Serbia,Active,Current,Established,,Prototype current seed — connect a live source before launch,TalentX current-first seed,,,0.7,152.35,82.0
cur-shai-gilgeous-alexander,Shai Gilgeous-Alexander,SHER,Athlete,Basketball,NBA,Oklahoma City Thunder,Guard,Canada,Active,Current,Established,,Prototype current seed — connect a live source before launch,TalentX current-first seed,,,0.7,159.43,82.3
cur-luka-don-i,Luka Dončić,LUIC,Athlete,Basketball,NBA,Los Angeles Lakers,Guard,Slovenia,Active,Current,Established,,Prototype current seed — connect a live source before launch,TalentX current-first seed,,,0.7,134.43,81.9
cur-giannis-antetokounmpo,Giannis Antetokounmpo,GIPO,Athlete,Basketball,NBA,Milwaukee Bucks,Forward,Greece,Active,Current,Established,,Prototype current seed — connect a live source before launch,TalentX current-first seed,,,0.7,160.11,85.9
cur-jayson-tatum,Jayson Tatum,JAUM,Athlete,Basketball,NBA,Boston Celtics,Forward,United States,Active,Current,Established,,Prototype current seed — connect a live source before launch,TalentX current-first seed,,,0.7,142.56,77.6
cur-anthony-edwards,Anthony Edwards,ANDS,Athlete,Basketball,NBA,Minnesota Timberwolves,Guard,United States,Active,Current,Established,,Prototype current seed — connect a live source before launch,TalentX current-first seed,,,0.7,127.62,78.6
cur-caitlin-clark,Caitlin Clark,CARK,Athlete,Basketball,WNBA,Indiana Fever,Guard,United States,Active,Current,Established,,Prototype current seed — connect a live source before launch,TalentX current-first seed,,,0.7,166.48,87.0
cur-a-ja-wilson,A’ja Wilson,AJON,Athlete,Basketball,WNBA,Las Vegas Aces,Forward,United States,Active,Current,Established,,Prototype current seed — connect a live source before launch,TalentX current-first seed,,,0.7,137.09,73.6
cur-breanna-stewart,Breanna Stewart,BRRT,Athlete,Basketball,WNBA,New York Liberty,Forward,United States,Active,Current,Established,,Prototype current seed — connect a live source before launch,TalentX current-first seed,,,0.7,169.74,90.1
cur-sabrina-ionescu,Sabrina Ionescu,SACU,Athlete,Basketball,WNBA,New York Liberty,Guard,United States,Active,Current,Established,,Prototype current seed — connect a live source before launch,TalentX current-first seed,,,0.7,129.88,79.5
cur-paolo-banchero,Paolo Banchero,PARO,Athlete,Basketball,NBA,Orlando Magic,Forward,United States,Active,Current,Established,,Prototype current seed — connect a live source before launch,TalentX current-first seed,,,0.7,157.02,85.5
cur-patrick-mahomes,Patrick Mahomes,PAES,Athlete,American Football,NFL,Kansas City Chiefs,Quarterback,United States,Active,Current,Established,,Prototype current seed — connect a live source before launch,TalentX current-first seed,,,0.7,148.49,89.5
cur-josh-allen,Josh Allen,JOEN,Athlete,American Football,NFL,Buffalo Bills,Quarterback,United States,Active,Current,Established,,Prototype current seed — connect a live source before launch,TalentX current-first seed,,,0.7,157.98,86.6
cur-lamar-jackson,Lamar Jackson,LAON,Athlete,American Football,NFL,Baltimore Ravens,Quarterback,United States,Active,Current,Established,,Prototype current seed — connect a live source before launch,TalentX current-first seed,,,0.7,142.6,79.0
cur-joe-burrow,Joe Burrow,JOOW,Athlete,American Football,NFL,Cincinnati Bengals,Quarterback,United States,Active,Current,Established,,Prototype current seed — connect a live source before launch,TalentX current-first seed,,,0.7,127.36,75.7
cur-justin-jefferson,Justin Jefferson,JUON,Athlete,American Football,NFL,Minnesota Vikings,Wide Receiver,United States,Active,Current,Established,,Prototype current seed — connect a live source before launch,TalentX current-first seed,,,0.7,146.68,90.5
cur-ja-marr-chase,Ja’Marr Chase,JASE,Athlete,American Football,NFL,Cincinnati Bengals,Wide Receiver,United States,Active,Current,Established,,Prototype current seed — connect a live source before launch,TalentX current-first seed,,,0.7,147.38,88.3
cur-micah-parsons,Micah Parsons,MINS,Athlete,American Football,NFL,Dallas Cowboys,Edge Rusher,United States,Active,Current,Established,,Prototype current seed — connect a live source before launch,TalentX current-first seed,,,0.7,136.33,79.5
cur-c-j-stroud,C.J. Stroud,CJUD,Athlete,American Football,NFL,Houston Texans,Quarterback,United States,Active,Current,Established,,Prototype current seed — connect a live source before launch,TalentX current-first seed,,,0.7,129.35,83.1
cur-jayden-daniels,Jayden Daniels,JALS,Athlete,American Football,NFL,Washington Commanders,Quarterback,United States,Active,Current,Established,,Prototype current seed — connect a live source before launch,TalentX current-first seed,,,0.7,128.96,80.2
cur-saquon-barkley,Saquon Barkley,SAEY,Athlete,American Football,NFL,Philadelphia Eagles,Running Back,United States,Active,Current,Established,,Prototype current seed — connect a live source before launch,TalentX current-first seed,,,0.7,146.33,79.4
cur-myles-garrett,Myles Garrett,MYTT,Athlete,American Football,NFL,Cleveland Browns,Edge Rusher,United States,Active,Current,Established,,Prototype current seed — connect a live source before launch,TalentX current-first seed,,,0.7,135.85,78.6
cur-puka-nacua,Puka Nacua,PUUA,Athlete,American Football,NFL,Los Angeles Rams,Wide Receiver,United States,Active,Current,Established,,Prototype current seed — connect a live source before launch,TalentX current-first seed,,,0.7,139.77,84.3
cur-kylian-mbapp,Kylian Mbappé,KYPE,Athlete,Soccer,La Liga,Real Madrid,Forward,France,Active,Current,Established,,Prototype current seed — connect a live source before launch,TalentX current-first seed,,,0.7,143.63,83.3
cur-erling-haaland,Erling Haaland,ERND,Athlete,Soccer,Premier League,Manchester City,Forward,Norway,Active,Current,Established,,Prototype current seed — connect a live source before launch,TalentX current-first seed,,,0.7,132.49,78.4
cur-jude-bellingham,Jude Bellingham,JUAM,Athlete,Soccer,La Liga,Real Madrid,Midfielder,England,Active,Current,Established,,Prototype current seed — connect a live source before launch,TalentX current-first seed,,,0.7,152.62,82.0
cur-lamine-yamal,Lamine Yamal,LAAL,Athlete,Soccer,La Liga,Barcelona,Forward,Spain,Active,Current,Established,,Prototype current seed — connect a live source before launch,TalentX current-first seed,,,0.7,163.45,88.2
cur-vin-cius-j-nior,Vinícius Júnior,VIOR,Athlete,Soccer,La Liga,Real Madrid,Forward,Brazil,Active,Current,Established,,Prototype current seed — connect a live source before launch,TalentX current-first seed,,,0.7,148.69,79.2
cur-bukayo-saka,Bukayo Saka,BUKA,Athlete,Soccer,Premier League,Arsenal,Forward,England,Active,Current,Established,,Prototype current seed — connect a live source before launch,TalentX current-first seed,,,0.7,132.38,77.9
cur-cole-palmer,Cole Palmer,COER,Athlete,Soccer,Premier League,Chelsea,Midfielder,England,Active,Current,Established,,Prototype current seed — connect a live source before launch,TalentX current-first seed,,,0.7,143.07,86.8
cur-jamal-musiala,Jamal Musiala,JALA,Athlete,Soccer,Bundesliga,Bayern Munich,Midfielder,Germany,Active,Current,Established,,Prototype current seed — connect a live source before launch,TalentX current-first seed,,,0.7,150.7,84.8
cur-florian-wirtz,Florian Wirtz,FLTZ,Athlete,Soccer,Premier League,Liverpool,Midfielder,Germany,Active,Current,Established,,Prototype current seed — connect a live source before launch,TalentX current-first seed,,,0.7,124.61,79.2
cur-pedri,Pedri,PERI,Athlete,Soccer,La Liga,Barcelona,Midfielder,Spain,Active,Current,Established,,Prototype current seed — connect a live source before launch,TalentX current-first seed,,,0.7,141.77,81.4
cur-aitana-bonmat,Aitana Bonmatí,AITI,Athlete,Soccer,Liga F,Barcelona,Midfielder,Spain,Active,Current,Established,,Prototype current seed — connect a live source before launch,TalentX current-first seed,,,0.7,136.73,79.1
cur-alexia-putellas,Alexia Putellas,ALAS,Athlete,Soccer,Liga F,Barcelona,Midfielder,Spain,Active,Current,Established,,Prototype current seed — connect a live source before launch,TalentX current-first seed,,,0.7,142.66,86.0
cur-trinity-rodman,Trinity Rodman,TRAN,Athlete,Soccer,NWSL,Washington Spirit,Forward,United States,Active,Current,Established,,Prototype current seed — connect a live source before launch,TalentX current-first seed,,,0.7,128.48,78.0
cur-salma-paralluelo,Salma Paralluelo,SALO,Athlete,Soccer,Liga F,Barcelona,Forward,Spain,Active,Current,Established,,Prototype current seed — connect a live source before launch,TalentX current-first seed,,,0.7,150.15,84.3
cur-lauren-james,Lauren James,LAES,Athlete,Soccer,Women’s Super League,Chelsea,Forward,England,Active,Current,Established,,Prototype current seed — connect a live source before launch,TalentX current-first seed,,,0.7,141.19,81.0
cur-sophia-wilson,Sophia Wilson,SOON,Athlete,Soccer,NWSL,Portland Thorns,Forward,United States,Active,Current,Established,,Prototype current seed — connect a live source before launch,TalentX current-first seed,,,0.7,132.99,80.0
cur-shohei-ohtani,Shohei Ohtani,SHNI,Athlete,Baseball,MLB,Los Angeles Dodgers,Designated Hitter / Pitcher,Japan,Active,Current,Established,,Prototype current seed — connect a live source before launch,TalentX current-first seed,,,0.7,124.21,75.2
cur-aaron-judge,Aaron Judge,AAGE,Athlete,Baseball,MLB,New York Yankees,Outfielder,United States,Active,Current,Established,,Prototype current seed — connect a live source before launch,TalentX current-first seed,,,0.7,146.1,86.0
cur-juan-soto,Juan Soto,JUTO,Athlete,Baseball,MLB,New York Mets,Outfielder,Dominican Republic,Active,Current,Established,,Prototype current seed — connect a live source before launch,TalentX current-first seed,,,0.7,145.1,86.0
cur-bobby-witt-jr,Bobby Witt Jr.,BOJR,Athlete,Baseball,MLB,Kansas City Royals,Shortstop,United States,Active,Current,Established,,Prototype current seed — connect a live source before launch,TalentX current-first seed,,,0.7,142.09,80.2
cur-mookie-betts,Mookie Betts,MOTS,Athlete,Baseball,MLB,Los Angeles Dodgers,Infielder / Outfielder,United States,Active,Current,Established,,Prototype current seed — connect a live source before launch,TalentX current-first seed,,,0.7,137.99,79.4
cur-ronald-acu-a-jr,Ronald Acuña Jr.,ROJR,Athlete,Baseball,MLB,Atlanta Braves,Outfielder,Venezuela,Active,Current,Established,,Prototype current seed — connect a live source before launch,TalentX current-first seed,,,0.7,135.74,84.1
cur-gunnar-henderson,Gunnar Henderson,GUON,Athlete,Baseball,MLB,Baltimore Orioles,Shortstop,United States,Active,Current,Established,,Prototype current seed — connect a live source before launch,TalentX current-first seed,,,0.7,148.8,87.0
cur-paul-skenes,Paul Skenes,PAE2,Athlete,Baseball,MLB,Pittsburgh Pirates,Pitcher,United States,Active,Current,Established,,Prototype current seed — connect a live source before launch,TalentX current-first seed,,,0.7,137.67,83.3
cur-tarik-skubal,Tarik Skubal,TAAL,Athlete,Baseball,MLB,Detroit Tigers,Pitcher,United States,Active,Current,Established,,Prototype current seed — connect a live source before launch,TalentX current-first seed,,,0.7,128.78,79.7
cur-elly-de-la-cruz,Elly De La Cruz,ELUZ,Athlete,Baseball,MLB,Cincinnati Reds,Shortstop,Dominican Republic,Active,Current,Established,,Prototype current seed — connect a live source before launch,TalentX current-first seed,,,0.7,135.25,75.1
cur-connor-mcdavid,Connor McDavid,COID,Athlete,Hockey,NHL,Edmonton Oilers,Center,Canada,Active,Current,Established,,Prototype current seed — connect a live source before launch,TalentX current-first seed,,,0.7,151.27,81.3
cur-nathan-mackinnon,Nathan MacKinnon,NAON,Athlete,Hockey,NHL,Colorado Avalanche,Center,Canada,Active,Current,Established,,Prototype current seed — connect a live source before launch,TalentX current-first seed,,,0.7,143.92,83.7
cur-auston-matthews,Auston Matthews,AUWS,Athlete,Hockey,NHL,Toronto Maple Leafs,Center,United States,Active,Current,Established,,Prototype current seed — connect a live source before launch,TalentX current-first seed,,,0.7,144.65,86.9
cur-leon-draisaitl,Leon Draisaitl,LETL,Athlete,Hockey,NHL,Edmonton Oilers,Center,Germany,Active,Current,Established,,Prototype current seed — connect a live source before launch,TalentX current-first seed,,,0.7,147.28,82.6
cur-cale-makar,Cale Makar,CAAR,Athlete,Hockey,NHL,Colorado Avalanche,Defenseman,Canada,Active,Current,Established,,Prototype current seed — connect a live source before launch,TalentX current-first seed,,,0.7,149.52,85.9
cur-david-pastr-k,David Pastrňák,DAAK,Athlete,Hockey,NHL,Boston Bruins,Right Wing,Czech Republic,Active,Current,Established,,Prototype current seed — connect a live source before launch,TalentX current-first seed,,,0.7,137.19,82.0
cur-quinn-hughes,Quinn Hughes,QUES,Athlete,Hockey,NHL,Vancouver Canucks,Defenseman,United States,Active,Current,Established,,Prototype current seed — connect a live source before launch,TalentX current-first seed,,,0.7,143.15,83.2
cur-jack-hughes,Jack Hughes,JAES,Athlete,Hockey,NHL,New Jersey Devils,Center,United States,Active,Current,Established,,Prototype current seed — connect a live source before launch,TalentX current-first seed,,,0.7,135.01,76.1
cur-sidney-crosby,Sidney Crosby,SIBY,Athlete,Hockey,NHL,Pittsburgh Penguins,Center,Canada,Active,Current,Established,,Prototype current seed — connect a live source before launch,TalentX current-first seed,,,0.7,147.51,77.8
cur-connor-bedard,Connor Bedard,CORD,Athlete,Hockey,NHL,Chicago Blackhawks,Center,Canada,Active,Current,Established,,Prototype current seed — connect a live source before launch,TalentX current-first seed,,,0.7,128.5,77.1
cur-carlos-alcaraz,Carlos Alcaraz,CAAZ,Athlete,Tennis,ATP,—,Singles,Spain,Active,Current,Established,,Prototype current seed — connect a live source before launch,TalentX current-first seed,,,0.7,167.97,94.8
cur-jannik-sinner,Jannik Sinner,JAER,Athlete,Tennis,ATP,—,Singles,Italy,Active,Current,Established,,Prototype current seed — connect a live source before launch,TalentX current-first seed,,,0.7,133.53,79.6
cur-coco-gauff,Coco Gauff,COFF,Athlete,Tennis,WTA,—,Singles,United States,Active,Current,Established,,Prototype current seed — connect a live source before launch,TalentX current-first seed,,,0.7,144.46,90.4
cur-iga-wi-tek,Iga Świątek,IGEK,Athlete,Tennis,WTA,—,Singles,Poland,Active,Current,Established,,Prototype current seed — connect a live source before launch,TalentX current-first seed,,,0.7,143.34,89.3
cur-aryna-sabalenka,Aryna Sabalenka,ARKA,Athlete,Tennis,WTA,—,Singles,Belarus,Active,Current,Established,,Prototype current seed — connect a live source before launch,TalentX current-first seed,,,0.7,137.97,78.2
cur-zheng-qinwen,Zheng Qinwen,ZHEN,Athlete,Tennis,WTA,—,Singles,China,Active,Current,Established,,Prototype current seed — connect a live source before launch,TalentX current-first seed,,,0.7,155.85,87.0
cur-mirra-andreeva,Mirra Andreeva,MIVA,Athlete,Tennis,WTA,—,Singles,Russia,Active,Current,Established,,Prototype current seed — connect a live source before launch,TalentX current-first seed,,,0.7,140.65,79.7
cur-ben-shelton,Ben Shelton,BEON,Athlete,Tennis,ATP,—,Singles,United States,Active,Current,Established,,Prototype current seed — connect a live source before launch,TalentX current-first seed,,,0.7,138.32,76.4
cur-taylor-fritz,Taylor Fritz,TATZ,Athlete,Tennis,ATP,—,Singles,United States,Active,Current,Established,,Prototype current seed — connect a live source before launch,TalentX current-first seed,,,0.7,131.32,82.0
cur-naomi-osaka,Naomi Osaka,NAKA,Athlete,Tennis,WTA,—,Singles,Japan,Active,Current,Established,,Prototype current seed — connect a live source before launch,TalentX current-first seed,,,0.7,133.4,82.0
cur-scottie-scheffler,Scottie Scheffler,SCER,Athlete,Golf,PGA Tour,—,Golfer,United States,Active,Current,Established,,Prototype current seed — connect a live source before launch,TalentX current-first seed,,,0.7,141.14,82.1
cur-rory-mcilroy,Rory McIlroy,ROOY,Athlete,Golf,PGA Tour,—,Golfer,Northern Ireland,Active,Current,Established,,Prototype current seed — connect a live source before launch,TalentX current-first seed,,,0.7,122.77,77.1
cur-xander-schauffele,Xander Schauffele,XALE,Athlete,Golf,PGA Tour,—,Golfer,United States,Active,Current,Established,,Prototype current seed — connect a live source before launch,TalentX current-first seed,,,0.7,144.74,80.6
cur-collin-morikawa,Collin Morikawa,COWA,Athlete,Golf,PGA Tour,—,Golfer,United States,Active,Current,Established,,Prototype current seed — connect a live source before launch,TalentX current-first seed,,,0.7,134.88,77.8
cur-nelly-korda,Nelly Korda,NEDA,Athlete,Golf,LPGA Tour,—,Golfer,United States,Active,Current,Established,,Prototype current seed — connect a live source before launch,TalentX current-first seed,,,0.7,142.05,79.8
cur-lydia-ko,Lydia Ko,LYKO,Athlete,Golf,LPGA Tour,—,Golfer,New Zealand,Active,Current,Established,,Prototype current seed — connect a live source before launch,TalentX current-first seed,,,0.7,161.29,85.8
cur-rose-zhang,Rose Zhang,RONG,Athlete,Golf,LPGA Tour,—,Golfer,United States,Active,Current,Established,,Prototype current seed — connect a live source before launch,TalentX current-first seed,,,0.7,129.72,77.7
cur-ludvig-berg,Ludvig Åberg,LURG,Athlete,Golf,PGA Tour,—,Golfer,Sweden,Active,Current,Established,,Prototype current seed — connect a live source before launch,TalentX current-first seed,,,0.7,133.73,76.2
cur-max-verstappen,Max Verstappen,MAEN,Athlete,Motorsport,Formula 1,Red Bull Racing,Driver,Netherlands,Active,Current,Established,,Prototype current seed — connect a live source before launch,TalentX current-first seed,,,0.7,151.29,77.7
cur-lando-norris,Lando Norris,LAIS,Athlete,Motorsport,Formula 1,McLaren,Driver,United Kingdom,Active,Current,Established,,Prototype current seed — connect a live source before launch,TalentX current-first seed,,,0.7,125.59,76.7
cur-charles-leclerc,Charles Leclerc,CHRC,Athlete,Motorsport,Formula 1,Ferrari,Driver,Monaco,Active,Current,Established,,Prototype current seed — connect a live source before launch,TalentX current-first seed,,,0.7,150.77,85.9
cur-oscar-piastri,Oscar Piastri,OSRI,Athlete,Motorsport,Formula 1,McLaren,Driver,Australia,Active,Current,Established,,Prototype current seed — connect a live source before launch,TalentX current-first seed,,,0.7,137.69,79.7
cur-george-russell,George Russell,GELL,Athlete,Motorsport,Formula 1,Mercedes,Driver,United Kingdom,Active,Current,Established,,Prototype current seed — connect a live source before launch,TalentX current-first seed,,,0.7,146.11,79.2
cur-lewis-hamilton,Lewis Hamilton,LEON,Athlete,Motorsport,Formula 1,Ferrari,Driver,United Kingdom,Active,Current,Established,,Prototype current seed — connect a live source before launch,TalentX current-first seed,,,0.7,124.9,77.6
cur-kimi-antonelli,Kimi Antonelli,KILI,Athlete,Motorsport,Formula 1,Mercedes,Driver,Italy,Active,Current,Established,,Prototype current seed — connect a live source before launch,TalentX current-first seed,,,0.7,146.55,88.4
cur-carlos-sainz,Carlos Sainz,CANZ,Athlete,Motorsport,Formula 1,Williams,Driver,Spain,Active,Current,Established,,Prototype current seed — connect a live source before launch,TalentX current-first seed,,,0.7,153.27,84.0
cur-islam-makhachev,Islam Makhachev,ISEV,Athlete,Combat Sports,UFC,—,Mixed Martial Artist,Russia,Active,Current,Established,,Prototype current seed — connect a live source before launch,TalentX current-first seed,,,0.7,135.43,82.0
cur-ilia-topuria,Ilia Topuria,ILIA,Athlete,Combat Sports,UFC,—,Mixed Martial Artist,Spain,Active,Current,Established,,Prototype current seed — connect a live source before launch,TalentX current-first seed,,,0.7,155.9,85.3
cur-alex-pereira,Alex Pereira,ALRA,Athlete,Combat Sports,UFC,—,Mixed Martial Artist,Brazil,Active,Current,Established,,Prototype current seed — connect a live source before launch,TalentX current-first seed,,,0.7,154.14,89.6
cur-tom-aspinall,Tom Aspinall,TOLL,Athlete,Combat Sports,UFC,—,Mixed Martial Artist,United Kingdom,Active,Current,Established,,Prototype current seed — connect a live source before launch,TalentX current-first seed,,,0.7,166.61,90.1
cur-zhang-weili,Zhang Weili,ZHLI,Athlete,Combat Sports,UFC,—,Mixed Martial Artist,China,Active,Current,Established,,Prototype current seed — connect a live source before launch,TalentX current-first seed,,,0.7,149.97,87.8
cur-valentina-shevchenko,Valentina Shevchenko,VAKO,Athlete,Combat Sports,UFC,—,Mixed Martial Artist,Kyrgyzstan,Active,Current,Established,,Prototype current seed — connect a live source before launch,TalentX current-first seed,,,0.7,124.54,77.9
cur-sean-o-malley,Sean O’Malley,SEEY,Athlete,Combat Sports,UFC,—,Mixed Martial Artist,United States,Active,Current,Established,,Prototype current seed — connect a live source before launch,TalentX current-first seed,,,0.7,130.15,81.9
cur-dricus-du-plessis,Dricus du Plessis,DRIS,Athlete,Combat Sports,UFC,—,Mixed Martial Artist,South Africa,Active,Current,Established,,Prototype current seed — connect a live source before launch,TalentX current-first seed,,,0.7,151.57,87.2
cur-katie-ledecky,Katie Ledecky,KAKY,Athlete,Swimming,World Aquatics,—,Freestyle Swimmer,United States,Active,Current,Established,,Prototype current seed — connect a live source before launch,TalentX current-first seed,,,0.7,162.25,82.0
cur-summer-mcintosh,Summer McIntosh,SUSH,Athlete,Swimming,World Aquatics,—,Swimmer,Canada,Active,Current,Established,,Prototype current seed — connect a live source before launch,TalentX current-first seed,,,0.7,128.94,82.8
cur-noah-lyles,Noah Lyles,NOES,Athlete,Track & Field,World Athletics,—,Sprinter,United States,Active,Current,Established,,Prototype current seed — connect a live source before launch,TalentX current-first seed,,,0.7,125.22,78.2
cur-sydney-mclaughlin-levrone,Sydney McLaughlin-Levrone,SYNE,Athlete,Track & Field,World Athletics,—,Hurdler / Sprinter,United States,Active,Current,Established,,Prototype current seed — connect a live source before launch,TalentX current-first seed,,,0.7,149.74,79.7
cur-mondo-duplantis,Mondo Duplantis,MOIS,Athlete,Track & Field,World Athletics,—,Pole Vaulter,Sweden,Active,Current,Established,,Prototype current seed — connect a live source before launch,TalentX current-first seed,,,0.7,148.3,81.7
cur-simone-biles,Simone Biles,SIES,Athlete,Gymnastics,FIG,—,Artistic Gymnast,United States,Active,Current,Established,,Prototype current seed — connect a live source before launch,TalentX current-first seed,,,0.7,157.02,84.5
cur-jasprit-bumrah,Jasprit Bumrah,JAAH,Athlete,Cricket,International Cricket,India,Bowler,India,Active,Current,Established,,Prototype current seed — connect a live source before launch,TalentX current-first seed,,,0.7,152.06,83.3
cur-shubman-gill,Shubman Gill,SHLL,Athlete,Cricket,International Cricket,India,Batter,India,Active,Current,Established,,Prototype current seed — connect a live source before launch,TalentX current-first seed,,,0.7,140.99,84.6
cur-babar-azam,Babar Azam,BAAM,Athlete,Cricket,International Cricket,Pakistan,Batter,Pakistan,Active,Current,Established,,Prototype current seed — connect a live source before launch,TalentX current-first seed,,,0.7,155.7,82.3
cur-smriti-mandhana,Smriti Mandhana,SMNA,Athlete,Cricket,International Cricket,India,Batter,India,Active,Current,Established,,Prototype current seed — connect a live source before launch,TalentX current-first seed,,,0.7,155.85,87.6
cur-ellyse-perry,Ellyse Perry,ELRY,Athlete,Cricket,International Cricket,Australia,All-rounder,Australia,Active,Current,Established,,Prototype current seed — connect a live source before launch,TalentX current-first seed,,,0.7,167.82,88.2
cur-rashid-khan,Rashid Khan,RAAN,Athlete,Cricket,International Cricket,Afghanistan,Bowler,Afghanistan,Active,Current,Established,,Prototype current seed — connect a live source before launch,TalentX current-first seed,,,0.7,137.34,77.6
cur-antoine-dupont,Antoine Dupont,ANNT,Athlete,Rugby,Rugby Union,France,Scrum-half,France,Active,Current,Established,,Prototype current seed — connect a live source before launch,TalentX current-first seed,,,0.7,126.92,77.4
cur-siya-kolisi,Siya Kolisi,SISI,Athlete,Rugby,Rugby Union,South Africa,Flanker,South Africa,Active,Current,Established,,Prototype current seed — connect a live source before launch,TalentX current-first seed,,,0.7,151.78,78.9
cur-ilona-maher,Ilona Maher,ILER,Athlete,Rugby,Rugby Sevens,United States,Center / Prop,United States,Active,Current,Established,,Prototype current seed — connect a live source before launch,TalentX current-first seed,,,0.7,129.52,75.3
cur-cheslin-kolbe,Cheslin Kolbe,CHBE,Athlete,Rugby,Rugby Union,South Africa,Wing,South Africa,Active,Current,Established,,Prototype current seed — connect a live source before launch,TalentX current-first seed,,,0.7,149.5,82.5
cur-taylor-swift,Taylor Swift,TAFT,Music,Pop,Music,Solo Artist,Solo Artist,United States,Active,Current,Active career,,Prototype current seed — connect a live source before launch,TalentX current-first seed,,,0.7,151.9,83.0
cur-beyonc,Beyoncé,BECE,Music,R&B / Pop,Music,Solo Artist,Solo Artist,United States,Active,Current,Active career,,Prototype current seed — connect a live source before launch,TalentX current-first seed,,,0.7,168.77,89.7
cur-bad-bunny,Bad Bunny,BANY,Music,Latin / Reggaeton,Music,Solo Artist,Solo Artist,Puerto Rico,Active,Current,Active career,,Prototype current seed — connect a live source before launch,TalentX current-first seed,,,0.7,139.23,78.9
cur-billie-eilish,Billie Eilish,BISH,Music,Alternative Pop,Music,Solo Artist,Solo Artist,United States,Active,Current,Active career,,Prototype current seed — connect a live source before launch,TalentX current-first seed,,,0.7,150.47,80.0
cur-kendrick-lamar,Kendrick Lamar,KEAR,Music,Hip-Hop,Music,Rapper,Rapper,United States,Active,Current,Active career,,Prototype current seed — connect a live source before launch,TalentX current-first seed,,,0.7,155.88,86.0
cur-sza,SZA,SZAX,Music,R&B,Music,Solo Artist,Solo Artist,United States,Active,Current,Active career,,Prototype current seed — connect a live source before launch,TalentX current-first seed,,,0.7,145.07,88.3
cur-sabrina-carpenter,Sabrina Carpenter,SAER,Music,Pop,Music,Solo Artist,Solo Artist,United States,Active,Current,Active career,,Prototype current seed — connect a live source before launch,TalentX current-first seed,,,0.7,150.2,79.9
cur-olivia-rodrigo,Olivia Rodrigo,OLGO,Music,Pop / Rock,Music,Solo Artist,Solo Artist,United States,Active,Current,Active career,,Prototype current seed — connect a live source before launch,TalentX current-first seed,,,0.7,161.34,84.3
cur-dua-lipa,Dua Lipa,DUPA,Music,Pop,Music,Solo Artist,Solo Artist,United Kingdom,Active,Current,Active career,,Prototype current seed — connect a live source before launch,TalentX current-first seed,,,0.7,139.22,79.9
cur-ariana-grande,Ariana Grande,ARDE,Music,Pop / R&B,Music,Solo Artist,Solo Artist,United States,Active,Current,Active career,,Prototype current seed — connect a live source before launch,TalentX current-first seed,,,0.7,144.69,81.1
cur-the-weeknd,The Weeknd,THND,Music,R&B / Pop,Music,Solo Artist,Solo Artist,Canada,Active,Current,Active career,,Prototype current seed — connect a live source before launch,TalentX current-first seed,,,0.7,125.36,77.7
cur-drake,Drake,DRKE,Music,Hip-Hop / Pop,Music,Rapper,Rapper,Canada,Active,Current,Active career,,Prototype current seed — connect a live source before launch,TalentX current-first seed,,,0.7,152.34,78.4
cur-karol-g,Karol G,KALG,Music,Latin / Reggaeton,Music,Solo Artist,Solo Artist,Colombia,Active,Current,Active career,,Prototype current seed — connect a live source before launch,TalentX current-first seed,,,0.7,155.03,83.1
cur-chappell-roan,Chappell Roan,CHAN,Music,Pop,Music,Solo Artist,Solo Artist,United States,Active,Current,Active career,,Prototype current seed — connect a live source before launch,TalentX current-first seed,,,0.7,139.39,75.8
cur-doechii,Doechii,DOII,Music,Hip-Hop / R&B,Music,Rapper,Rapper,United States,Active,Current,Active career,,Prototype current seed — connect a live source before launch,TalentX current-first seed,,,0.7,147.49,90.8
cur-tyla,Tyla,TYLA,Music,Afrobeats / Pop,Music,Solo Artist,Solo Artist,South Africa,Active,Current,Active career,,Prototype current seed — connect a live source before launch,TalentX current-first seed,,,0.7,145.52,75.5
cur-morgan-wallen,Morgan Wallen,MOEN,Music,Country,Music,Solo Artist,Solo Artist,United States,Active,Current,Active career,,Prototype current seed — connect a live source before launch,TalentX current-first seed,,,0.7,134.51,78.0
cur-zach-bryan,Zach Bryan,ZAAN,Music,Country / Folk,Music,Solo Artist,Solo Artist,United States,Active,Current,Active career,,Prototype current seed — connect a live source before launch,TalentX current-first seed,,,0.7,147.73,84.0
cur-burna-boy,Burna Boy,BUOY,Music,Afrobeats,Music,Solo Artist,Solo Artist,Nigeria,Active,Current,Active career,,Prototype current seed — connect a live source before launch,TalentX current-first seed,,,0.7,131.15,75.2
cur-tems,Tems,TEMS,Music,Afrobeats / R&B,Music,Solo Artist,Solo Artist,Nigeria,Active,Current,Active career,,Prototype current seed — connect a live source before launch,TalentX current-first seed,,,0.7,146.22,83.1
cur-raye,RAYE,RAYE,Music,Pop / R&B,Music,Solo Artist,Solo Artist,United Kingdom,Active,Current,Active career,,Prototype current seed — connect a live source before launch,TalentX current-first seed,,,0.7,123.16,76.9
cur-rosal-a,Rosalía,ROIA,Music,Latin / Alternative,Music,Solo Artist,Solo Artist,Spain,Active,Current,Active career,,Prototype current seed — connect a live source before launch,TalentX current-first seed,,,0.7,150.18,86.8
cur-peso-pluma,Peso Pluma,PEMA,Music,Regional Mexican,Music,Solo Artist,Solo Artist,Mexico,Active,Current,Active career,,Prototype current seed — connect a live source before launch,TalentX current-first seed,,,0.7,141.14,79.7
cur-feid,Feid,FEID,Music,Latin / Reggaeton,Music,Solo Artist,Solo Artist,Colombia,Active,Current,Active career,,Prototype current seed — connect a live source before launch,TalentX current-first seed,,,0.7,133.84,82.1
cur-megan-thee-stallion,Megan Thee Stallion,MEON,Music,Hip-Hop,Music,Rapper,Rapper,United States,Active,Current,Active career,,Prototype current seed — connect a live source before launch,TalentX current-first seed,,,0.7,131.8,75.0
cur-travis-scott,Travis Scott,TRTT,Music,Hip-Hop,Music,Rapper,Rapper,United States,Active,Current,Active career,,Prototype current seed — connect a live source before launch,TalentX current-first seed,,,0.7,126.03,74.8
cur-post-malone,Post Malone,PONE,Music,Pop / Country,Music,Solo Artist,Solo Artist,United States,Active,Current,Active career,,Prototype current seed — connect a live source before launch,TalentX current-first seed,,,0.7,172.68,93.0
cur-bruno-mars,Bruno Mars,BRRS,Music,Pop / R&B,Music,Solo Artist,Solo Artist,United States,Active,Current,Active career,,Prototype current seed — connect a live source before launch,TalentX current-first seed,,,0.7,147.06,83.5
cur-lady-gaga,Lady Gaga,LAGA,Music,Pop,Music,Solo Artist,Solo Artist,United States,Active,Current,Active career,,Prototype current seed — connect a live source before launch,TalentX current-first seed,,,0.7,141.73,76.5
cur-hozier,Hozier,HOER,Music,Alternative / Folk,Music,Solo Artist,Solo Artist,Ireland,Active,Current,Active career,,Prototype current seed — connect a live source before launch,TalentX current-first seed,,,0.7,144.81,78.4
cur-jelly-roll,Jelly Roll,JELL,Music,Country / Rock,Music,Solo Artist,Solo Artist,United States,Active,Current,Active career,,Prototype current seed — connect a live source before launch,TalentX current-first seed,,,0.7,136.96,84.6
cur-shaboozey,Shaboozey,SHEY,Music,Country / Hip-Hop,Music,Solo Artist,Solo Artist,United States,Active,Current,Active career,,Prototype current seed — connect a live source before launch,TalentX current-first seed,,,0.7,128.57,76.4
cur-tate-mcrae,Tate McRae,TAAE,Music,Pop,Music,Solo Artist,Solo Artist,Canada,Active,Current,Active career,,Prototype current seed — connect a live source before launch,TalentX current-first seed,,,0.7,151.02,82.6
cur-gracie-abrams,Gracie Abrams,GRMS,Music,Pop,Music,Solo Artist,Solo Artist,United States,Active,Current,Active career,,Prototype current seed — connect a live source before launch,TalentX current-first seed,,,0.7,172.03,89.4
cur-laufey,Laufey,LAEY,Music,Jazz Pop,Music,Solo Artist,Solo Artist,Iceland,Active,Current,Active career,,Prototype current seed — connect a live source before launch,TalentX current-first seed,,,0.7,145.31,80.9
cur-stray-kids,Stray Kids,STDS,Music,K-Pop,Music,Group,Group,South Korea,Active,Current,Active career,,Prototype current seed — connect a live source before launch,TalentX current-first seed,,,0.7,133.25,86.0
cur-blackpink,BLACKPINK,BLNK,Music,K-Pop,Music,Group,Group,South Korea,Active,Current,Active career,,Prototype current seed — connect a live source before launch,TalentX current-first seed,,,0.7,132.72,73.1
cur-bts,BTS,BTSX,Music,K-Pop,Music,Group,Group,South Korea,Active,Current,Active career,,Prototype current seed — connect a live source before launch,TalentX current-first seed,,,0.7,158.06,86.0
cur-newjeans,NewJeans,NENS,Music,K-Pop,Music,Group,Group,South Korea,Active,Current,Active career,,Prototype current seed — connect a live source before launch,TalentX current-first seed,,,0.7,133.48,76.7
cur-coldplay,Coldplay,COAY,Music,Rock / Pop,Music,Group,Group,United Kingdom,Active,Current,Active career,,Prototype current seed — connect a live source before launch,TalentX current-first seed,,,0.7,126.19,76.3
cur-zendaya,Zendaya,ZEYA,Actor,Film & Television,Film & Television,—,Actor,United States,Active,Current,Active career,,Prototype current seed — connect a live source before launch,TalentX current-first seed,,,0.7,123.78,68.4
cur-timoth-e-chalamet,Timothée Chalamet,TIET,Actor,Film,Film,—,Actor,United States,Active,Current,Active career,,Prototype current seed — connect a live source before launch,TalentX current-first seed,,,0.7,124.08,76.2
cur-florence-pugh,Florence Pugh,FLGH,Actor,Film,Film,—,Actor,United Kingdom,Active,Current,Active career,,Prototype current seed — connect a live source before launch,TalentX current-first seed,,,0.7,141.43,78.0
cur-pedro-pascal,Pedro Pascal,PEAL,Actor,Film & Television,Film & Television,—,Actor,Chile / United States,Active,Current,Active career,,Prototype current seed — connect a live source before launch,TalentX current-first seed,,,0.7,158.6,88.4
cur-jenna-ortega,Jenna Ortega,JEGA,Actor,Film & Television,Film & Television,—,Actor,United States,Active,Current,Active career,,Prototype current seed — connect a live source before launch,TalentX current-first seed,,,0.7,134.95,76.7
cur-michael-b-jordan,Michael B. Jordan,MIAN,Actor,Film & Television,Film & Television,—,Actor / Producer,United States,Active,Current,Active career,,Prototype current seed — connect a live source before launch,TalentX current-first seed,,,0.7,133.16,73.4
cur-margot-robbie,Margot Robbie,MAIE,Actor,Film,Film,—,Actor / Producer,Australia,Active,Current,Active career,,Prototype current seed — connect a live source before launch,TalentX current-first seed,,,0.7,146.43,80.6
cur-emma-stone,Emma Stone,EMNE,Actor,Film,Film,—,Actor / Producer,United States,Active,Current,Active career,,Prototype current seed — connect a live source before launch,TalentX current-first seed,,,0.7,135.96,77.8
cur-cillian-murphy,Cillian Murphy,CIHY,Actor,Film & Television,Film & Television,—,Actor,Ireland,Active,Current,Active career,,Prototype current seed — connect a live source before launch,TalentX current-first seed,,,0.7,134.26,76.2
cur-anya-taylor-joy,Anya Taylor-Joy,ANOY,Actor,Film & Television,Film & Television,—,Actor,United States / United Kingdom,Active,Current,Active career,,Prototype current seed — connect a live source before launch,TalentX current-first seed,,,0.7,138.3,73.7
cur-austin-butler,Austin Butler,AUER,Actor,Film & Television,Film & Television,—,Actor,United States,Active,Current,Active career,,Prototype current seed — connect a live source before launch,TalentX current-first seed,,,0.7,148.93,81.0
cur-paul-mescal,Paul Mescal,PAAL,Actor,Film & Television,Film & Television,—,Actor,Ireland,Active,Current,Active career,,Prototype current seed — connect a live source before launch,TalentX current-first seed,,,0.7,124.15,77.9
cur-ayo-edebiri,Ayo Edebiri,AYRI,Actor,Television & Film,Television & Film,—,Actor / Writer,United States,Active,Current,Active career,,Prototype current seed — connect a live source before launch,TalentX current-first seed,,,0.7,134.74,79.2
cur-jeremy-allen-white,Jeremy Allen White,JETE,Actor,Television & Film,Television & Film,—,Actor,United States,Active,Current,Active career,,Prototype current seed — connect a live source before launch,TalentX current-first seed,,,0.7,151.25,88.7
cur-sydney-sweeney,Sydney Sweeney,SYEY,Actor,Film & Television,Film & Television,—,Actor / Producer,United States,Active,Current,Active career,,Prototype current seed — connect a live source before launch,TalentX current-first seed,,,0.7,145.86,83.8
cur-dev-patel,Dev Patel,DEEL,Actor,Film,Film,—,Actor / Director,United Kingdom,Active,Current,Active career,,Prototype current seed — connect a live source before launch,TalentX current-first seed,,,0.7,130.28,71.7
cur-daniel-kaluuya,Daniel Kaluuya,DAYA,Actor,Film,Film,—,Actor / Producer,United Kingdom,Active,Current,Active career,,Prototype current seed — connect a live source before launch,TalentX current-first seed,,,0.7,150.3,85.0
cur-lupita-nyong-o,Lupita Nyong’o,LUGO,Actor,Film & Stage,Film & Stage,—,Actor,Kenya / Mexico,Active,Current,Active career,,Prototype current seed — connect a live source before launch,TalentX current-first seed,,,0.7,151.13,77.2
cur-viola-davis,Viola Davis,VIIS,Actor,Film & Television,Film & Television,—,Actor / Producer,United States,Active,Current,Active career,,Prototype current seed — connect a live source before launch,TalentX current-first seed,,,0.7,153.63,78.4
cur-denzel-washington,Denzel Washington,DEON,Actor,Film & Stage,Film & Stage,—,Actor / Director,United States,Active,Current,Active career,,Prototype current seed — connect a live source before launch,TalentX current-first seed,,,0.7,131.41,79.7
cur-colman-domingo,Colman Domingo,COGO,Actor,Film & Television,Film & Television,—,Actor,United States,Active,Current,Active career,,Prototype current seed — connect a live source before launch,TalentX current-first seed,,,0.7,139.81,72.9
cur-mikey-madison,Mikey Madison,MION,Actor,Film & Television,Film & Television,—,Actor,United States,Active,Current,Active career,,Prototype current seed — connect a live source before launch,TalentX current-first seed,,,0.7,143.31,78.8
cur-cailee-spaeny,Cailee Spaeny,CANY,Actor,Film & Television,Film & Television,—,Actor,United States,Active,Current,Active career,,Prototype current seed — connect a live source before launch,TalentX current-first seed,,,0.7,140.87,80.1
cur-jacob-elordi,Jacob Elordi,JADI,Actor,Film & Television,Film & Television,—,Actor,Australia,Active,Current,Active career,,Prototype current seed — connect a live source before launch,TalentX current-first seed,,,0.7,126.81,75.7
cur-barry-keoghan,Barry Keoghan,BAAN,Actor,Film & Television,Film & Television,—,Actor,Ireland,Active,Current,Active career,,Prototype current seed — connect a live source before launch,TalentX current-first seed,,,0.7,131.38,83.3
cur-da-vine-joy-randolph,Da’Vine Joy Randolph,DAPH,Actor,Film & Television,Film & Television,—,Actor,United States,Active,Current,Active career,,Prototype current seed — connect a live source before launch,TalentX current-first seed,,,0.7,152.83,87.1
cur-greta-lee,Greta Lee,GREE,Actor,Film & Television,Film & Television,—,Actor,United States,Active,Current,Active career,,Prototype current seed — connect a live source before launch,TalentX current-first seed,,,0.7,138.11,79.0
cur-jonathan-bailey,Jonathan Bailey,JOEY,Actor,Film & Television,Film & Television,—,Actor,United Kingdom,Active,Current,Active career,,Prototype current seed — connect a live source before launch,TalentX current-first seed,,,0.7,147.42,77.4
cur-rachel-zegler,Rachel Zegler,RAER,Actor,Film & Stage,Film & Stage,—,Actor / Singer,United States,Active,Current,Active career,,Prototype current seed — connect a live source before launch,TalentX current-first seed,,,0.7,129.98,78.0
cur-lakeith-stanfield,Lakeith Stanfield,LALD,Actor,Film & Television,Film & Television,—,Actor,United States,Active,Current,Active career,,Prototype current seed — connect a live source before launch,TalentX current-first seed,,,0.7,139.22,80.9
cur-mrbeast,MrBeast,MRST,Creator,Entertainment / Philanthropy,YouTube,YouTube,Creator,United States,Active,Current,Active career,,Prototype current seed — connect a live source before launch,TalentX current-first seed,,,0.7,143.68,78.3
cur-kai-cenat,Kai Cenat,KAAT,Creator,Streaming / Entertainment,Twitch / YouTube,Twitch / YouTube,Creator,United States,Active,Current,Active career,,Prototype current seed — connect a live source before launch,TalentX current-first seed,,,0.7,130.59,75.9
cur-marques-brownlee,Marques Brownlee,MAEE,Creator,Technology,YouTube,YouTube,Creator,United States,Active,Current,Active career,,Prototype current seed — connect a live source before launch,TalentX current-first seed,,,0.7,156.1,87.5
cur-emma-chamberlain,Emma Chamberlain,EMIN,Creator,Lifestyle,YouTube / Podcasting,YouTube / Podcasting,Creator,United States,Active,Current,Active career,,Prototype current seed — connect a live source before launch,TalentX current-first seed,,,0.7,125.12,70.8
cur-mark-rober,Mark Rober,MAER,Creator,Science / Engineering,YouTube,YouTube,Creator,United States,Active,Current,Active career,,Prototype current seed — connect a live source before launch,TalentX current-first seed,,,0.7,146.73,84.9
cur-alex-cooper,Alex Cooper,ALER,Creator,Interview / Lifestyle,Podcasting,Podcasting,Creator,United States,Active,Current,Active career,,Prototype current seed — connect a live source before launch,TalentX current-first seed,,,0.7,144.52,80.2
cur-ishowspeed,IShowSpeed,ISED,Creator,Streaming / Entertainment,YouTube,YouTube,Creator,United States,Active,Current,Active career,,Prototype current seed — connect a live source before launch,TalentX current-first seed,,,0.7,128.37,74.0
cur-pokimane,Pokimane,PON2,Creator,Gaming / Lifestyle,Twitch / YouTube,Twitch / YouTube,Creator,Canada,Active,Current,Active career,,Prototype current seed — connect a live source before launch,TalentX current-first seed,,,0.7,143.93,80.5
cur-ludwig-ahgren,Ludwig Ahgren,LUEN,Creator,Gaming / Entertainment,YouTube / Twitch,YouTube / Twitch,Creator,United States,Active,Current,Active career,,Prototype current seed — connect a live source before launch,TalentX current-first seed,,,0.7,144.69,79.6
cur-hasan-piker,Hasan Piker,HAER,Creator,Commentary,Twitch / YouTube,Twitch / YouTube,Creator,United States,Active,Current,Active career,,Prototype current seed — connect a live source before launch,TalentX current-first seed,,,0.7,139.81,82.6
cur-khaby-lame,Khaby Lame,KHME,Creator,Comedy,TikTok,TikTok,Creator,Italy / Senegal,Active,Current,Active career,,Prototype current seed — connect a live source before launch,TalentX current-first seed,,,0.7,152.85,79.7
cur-alix-earle,Alix Earle,ALLE,Creator,Lifestyle,TikTok / Podcasting,TikTok / Podcasting,Creator,United States,Active,Current,Active career,,Prototype current seed — connect a live source before launch,TalentX current-first seed,,,0.7,132.19,77.3
cur-markiplier,Markiplier,MAE2,Creator,Gaming / Entertainment,YouTube,YouTube,Creator,United States,Active,Current,Active career,,Prototype current seed — connect a live source before launch,TalentX current-first seed,,,0.7,143.45,77.3
cur-ryan-trahan,Ryan Trahan,RYAN,Creator,Entertainment,YouTube,YouTube,Creator,United States,Active,Current,Active career,,Prototype current seed — connect a live source before launch,TalentX current-first seed,,,0.7,151.52,80.9
cur-dhar-mann,Dhar Mann,DHNN,Creator,Narrative Entertainment,YouTube,YouTube,Creator,United States,Active,Current,Active career,,Prototype current seed — connect a live source before launch,TalentX current-first seed,,,0.7,125.36,76.6
cur-druski,Druski,DRKI,Creator,Comedy,Instagram / YouTube,Instagram / YouTube,Creator,United States,Active,Current,Active career,,Prototype current seed — connect a live source before launch,TalentX current-first seed,,,0.7,138.22,78.8
cur-brittany-broski,Brittany Broski,BRKI,Creator,Comedy / Lifestyle,YouTube / Podcasting,YouTube / Podcasting,Creator,United States,Active,Current,Active career,,Prototype current seed — connect a live source before launch,TalentX current-first seed,,,0.7,150.99,79.6
cur-quenlin-blackwell,Quenlin Blackwell,QULL,Creator,Comedy / Lifestyle,YouTube / TikTok,YouTube / TikTok,Creator,United States,Active,Current,Active career,,Prototype current seed — connect a live source before launch,TalentX current-first seed,,,0.7,147.39,79.9
cur-theo-von,Theo Von,THON,Creator,Comedy,Podcasting / YouTube,Podcasting / YouTube,Creator,United States,Active,Current,Active career,,Prototype current seed — connect a live source before launch,TalentX current-first seed,,,0.7,144.7,75.6
cur-lex-fridman,Lex Fridman,LEAN,Creator,Technology / Interviews,Podcasting / YouTube,Podcasting / YouTube,Creator,United States,Active,Current,Active career,,Prototype current seed — connect a live source before launch,TalentX current-first seed,,,0.7,166.0,86.2
